"What was NVIDIA's total revenue for fiscal year 2022?","$26.91 billion","NVIDIA's revenue for fiscal year 2022 was $26.91 billion, up 61% from the prior year."
"Which segment contributed the most to NVIDIA's fiscal year 2022 revenue?","Graphics","The Graphics segment generated the majority of NVIDIA's revenue in fiscal year 2022."
"What was NVIDIA's net income for the fiscal year 2022?","$9.75 billion","Net income for fiscal year 2022 was $9.75 billion, a 125% increase from the previous year."
"How much did NVIDIA spend on research and development in fiscal year 2022?","$5.27 billion","Research and development expenses were $5.27 billion in fiscal year 2022."
"What were NVIDIA's total operating expenses in fiscal year 2022?","$7.42 billion","Total operating expenses for fiscal year 2022 were $7.42 billion."
"How did NVIDIA's Data Center revenue change in fiscal year 2022?","Increased 58% to $10.61 billion","NVIDIA's Data Center revenue increased by 58% year-over-year to $10.61 billion in fiscal 2022."
"What was NVIDIA's gross margin in fiscal year 2022?","65.30%","NVIDIA's gross margin for fiscal 2022 was 65.3%."
"How did NVIDIA's Gaming revenue perform in fiscal year 2022?","Grew 61% to $12.46 billion","Gaming revenue grew by 61% to $12.46 billion in fiscal year 2022."
"What was NVIDIA's effective tax rate for fiscal year 2022?","1.90%","The effective tax rate for fiscal year 2022 was 1.9%, reflecting tax benefits related to stock-based compensation."
"Which new product architecture did NVIDIA introduce in the year 2022?","Ampere","NVIDIA launched its Ampere architecture in fiscal 2022 to support gaming and data center products."
"What was the value of NVIDIA's cash, cash equivalents and marketable securities at the end of fiscal 2022?","$21.21 billion","NVIDIA ended fiscal year 2022 with $21.21 billion in cash, cash equivalents, and marketable securities."
"What major acquisition did NVIDIA terminate in fiscal year 2022?","Acquisition of Arm Limited","In fiscal 2022, NVIDIA terminated its proposed acquisition of Arm Limited due to regulatory challenges."
"What was the impact of NVIDIA's terminated Arm acquisition on its financials in fiscal year 2022?","$1.35 billion write-off","In 2022, nVIDIA recorded a $1.35 billion write-off due to the termination of its Arm acquisition."
"What was NVIDIA's inventory balance at the end of fiscal year 2022?","$2.62 billion","Inventory at the end of fiscal 2022 was $2.62 billion."
"What was NVIDIA's diluted earnings per share (EPS) in fiscal 2022?","$3.85","Diluted earnings per share in fiscal year 2022 were $3.85."
"How many employees did NVIDIA have at the end of fiscal year 2022?","22,473","At the end of fiscal year 2022, NVIDIA had 22,473 employees worldwide."
"What percentage of NVIDIA's revenue in fiscal year 2022 was from international markets?","Over 80%","More than 80% of NVIDIA's fiscal year 2022 revenue came from sales to customers outside the United States."
"How much revenue did NVIDIA generate from its Automotive segment in fiscal year 2022?","$566 million","NVIDIA's Automotive segment generated $566 million in revenue during fiscal year 2022."
"What was the primary use of NVIDIA's capital expenditures in fiscal year 2022?","Data center and infrastructure investments","Capital expenditures in fiscal year 2022 primarily supported data center and infrastructure investments."
"What was NVIDIA's long-term debt balance at the end of fiscal year 2022?","$10.95 billion","NVIDIA had a long-term debt balance of $10.95 billion at the end of fiscal 2022."
"How did NVIDIA classify its business segments in fiscal year 2022?","Graphics and Compute & Networking","In fiscal year 2022, NVIDIA reported its business results in two segments: Graphics and Compute & Networking."
"What is NVIDIA Omniverse used for in 2022?","Building 3D designs and virtual worlds","In 2022, omniverse is NVIDIA's software platform used for building 3D designs and virtual worlds."
"In 2022, what is the NVIDIA Bluefield DPU designed to support in 2022?","Data-center-infrastructure-on-a-chip software","In 2022, the Bluefield DPU is supported by DOCA, enabling networking, security, storage, and management applications."
"""In 2022, what AI technology is embedded in NVIDIA RTX that boosts gaming frame rates?","DLSS (Deep Learning Super Sampling)","In 2022, nVIDIA DLSS is the AI technology embedded in RTX to boost frame rates while enhancing image quality."""
"In 2022, what fiscal year did NVIDIA start shipping its Orin SoC for automotive use in 2022?","Fiscal year 2022","NVIDIA began shipping its Orin SoC for automotive use in fiscal year 2022."
"In 2022, what platform does NVIDIA use for autonomous vehicle simulation?","DRIVE Constellation running DRIVE Sim software","In 2022, nVIDIA DRIVE Constellation with DRIVE Sim software is used for AV simulation and validation."
"In 2022, what are the four large markets NVIDIA targets with its computing platforms?","Gaming, Data Center, Professional Visualization, and Automotive","In 2022, NVIDIA addresses four large markets: Gaming, Data Center, Professional Visualization, and Automotive."
"In 2022, what architecture underlies NVIDIA's unified approach to supporting diverse markets?","GPU architecture with CUDA programming model","In 2022, NVIDIA's unified platform is built on its GPU architecture and CUDA programming model."
"In 2022, which industries use NVIDIA GPUs for fraud detection and enhanced imaging?","Financial services and healthcare","In 2022, NVIDIA GPUs are used for fraud detection in financial services and enhanced imaging in healthcare."
"In 2022, which software supports NVIDIA's DPU solutions for networking and security?","DOCA","In 2022, dOCA is the software platform that supports NVIDIA BlueField DPUs for data center infrastructure applications."
"What was the market value of NVIDIA's non-affiliate-held voting stock as of July 30, 2021, in the context of the year 2022?","$467.25 billion","As of July 30, 2021, NVIDIA's non-affiliate-held voting stock had a market value of approximately $467.25 billion."
"In 2022, which independent contractors does NVIDIA use for final product assembly and testing?","Amkor, King Yuan Electronics, Wistron, among others","In 2022, nVIDIA uses contractors like Amkor, King Yuan Electronics, and Wistron for assembly and testing of products."
"What platform is designed by NVIDIA for edge AI and autonomous machines in 2022?","AGX","In 2022, the AGX platform supports autonomous machines and enterprise edge AI deployments."
"In the year 2022, which cloud platforms support NVIDIA's NGC software stacks?","Amazon Web Services, Google Cloud, Microsoft Azure, Oracle Cloud","In 2022, nVIDIA's NGC software stacks are available on AWS, Google Cloud, Microsoft Azure, and Oracle Cloud."
"In 2022, what GPU series was designed for cloud-based gaming?","GeForce NOW","In 2022, nVIDIA's GeForce NOW service enables cloud-based gaming on underpowered devices."
"What NVIDIA software allows professionals to work with ray-traced rendering in real-time in 2022?","RTX","In 2022, the NVIDIA RTX platform allows real-time ray-traced rendering for film-quality visuals in professional workflows."
"In 2022, which NVIDIA platform is used for building virtual simulations and collaborative 3D environments?","Omniverse","In 2022, NVIDIA Omniverse enables simulation and collaboration for 3D workflows and virtual environments."
"What approach does NVIDIA use to reach developers before product launch in 2022?","Developer program and pre-launch access","In 2022, nVIDIA provides pre-launch access to products for developers via its developer program to optimize applications."
"What is the purpose of NVIDIA's Deep Learning Institute in 2022?","Train developers to build AI and accelerated computing applications","In 2022, the Deep Learning Institute offers training to help developers design and deploy AI applications using NVIDIA technology."
"What factor significantly influenced NVIDIA's revenue growth in 2022?","High demand across Gaming and Data Center segments","Strong demand in the Gaming and Data Center segments significantly contributed to NVIDIA's 2022 revenue growth."
